[
{

    "id":100,
    "name":"rahul",
    "gender":"male",
    "phone":996836223,
    "country":"india"
},
{
    
        "id":101,
        "name":"aman",
        "gender":"male",
        "phone":996836223,
        "country":"us"
    },
    {
        
            "id":102,
            "name":"nitisha",
            "gender":"female",
            "phone":996836223,
            "country":"us"
        },
        {
            
                "id":104,
                "name":"monika",
                "gender":"female",
                "phone":996836223,
                "country":"india"
            }
        ]
